Brand,Mentions,SOV_Percentage
Atomberg,22,16.541353383458645
Bajaj,38,28.57142857142857
Crompton,25,18.796992481203006
Havells,30,22.55639097744361
Orient,18,13.533834586466165
