Brand,Mentions,SOV_Percentage,Sentiment_Score
Atomberg,22,16.541353383458645,0.72
Bajaj,38,28.57142857142857,0.45
Crompton,25,18.796992481203006,0.52
Havells,30,22.55639097744361,0.48
Orient,18,13.533834586466165,0.4
